name,repository
hyper,https://github.com/vercel/hyper
three.js,https://github.com/mrdoob/three.js
commander.js,https://github.com/tj/commander.js
typescript,https://github.com/microsoft/TypeScript
vite,https://github.com/vitejs/vite
nuxt3,https://github.com/nuxt/framework
vue-next,https://github.com/vuejs/vue-next
vue,https://github.com/vuejs/vue
Inquirer.js,https://github.com/SBoudrias/Inquirer.js
draggable,https://github.com/Shopify/draggable
babel,https://github.com/babel/babel
express,https://github.com/expressjs/express
axios,https://github.com/axios/axios
